[{
    "fields": {
        "image": "http://www.sikhyouthaustralia.com/images/sized/images/uploads/news/10534905_10153782200901531_717_1-102x102.png",
        "link": "http://sikhyouthaustralia.com/news/sya-melbourne/",
        "name": "SYA Impact Melbourne"
    },
    "model": "news"
}, {
    "fields": {
        "image": "http://www.sikhyouthaustralia.com/images/sized/images/uploads/news/14211981_10154675734471531_7405484700203487037_n-102x102.jpg",
        "link": "http://sikhyouthaustralia.com/news/the-lighthouse-reflection/",
        "name": "The Lighthouse Reflection"
    },
    "model": "news"
}, {
    "fields": {
        "image": "http://www.sikhyouthaustralia.com/images/sized/images/uploads/news/14196095_402056539964692_5977852364662510019_o-102x102.jpg",
        "link": "http://sikhyouthaustralia.com/news/nslf-2016/",
        "name": "National Students Leadership Forum (NSLF) 2016"
    },
    "model": "news"
}, {
    "fields": {
        "image": "http://www.sikhyouthaustralia.com/images/sized/images/uploads/news/SYAYTt-102x102.jpg",
        "link": "http://sikhyouthaustralia.com/news/volunteer-for-sikh-youth-australia/",
        "name": "Volunteer for Sikh Youth Australia"
    },
    "model": "news"
}, {
    "fields": {
        "image": "http://www.sikhyouthaustralia.com/images/sized/images/uploads/news/PSPt-102x102.jpg",
        "link": "http://sikhyouthaustralia.com/news/sikh-youth-in-peshawar-to-get-education-thanks-to-sikh-to-give-and-yspn/",
        "name": "Sikh Youth in Peshawar to Get Education Thanks to Sikh to Give and YSPN"
    },
    "model": "news"
}, {
    "fields": {
        "image": "http://www.sikhyouthaustralia.com/images/sized/images/uploads/news/SEVAUKt-102x102.jpg",
        "link": "http://sikhyouthaustralia.com/news/the-khalsa-its-relevance-and-responsibility-in-todays-world/",
        "name": "The Khalsa It’s relevance and responsibility in today’s world"
    },
    "model": "news"
}, {
    "fields": {
        "image": "http://www.sikhyouthaustralia.com/images/sized/images/uploads/news/DYAt-102x102.jpg",
        "link": "http://sikhyouthaustralia.com/news/vaisakhi-1699-lessons-of-leadership/",
        "name": "Vaisakhi 1699 - Lessons of Leadership"
    },
    "model": "news"
}]